,GDP per capita,Social support,Healthy life expectancy,Freedom to make life choices,Generosity,Perceptions of corruption,Terrorist_attacks,population,population_below_poverty_line,hdi,life_expectancy,expected_years_of_schooling,mean_years_of_schooling,gni
count,88.0,88.0,88.0,88.0,88.0,88.0,88.0,82.0,73.0,82.0,82.0,82.0,82.0,82.0
mean,0.9171477272727269,1.2138068181818182,0.7456931818181818,0.37927272727272726,0.18470454545454548,0.11515909090909089,296.7201792692045,43136227.512195125,26.831506849315065,0.7168608769756099,72.18674390243902,13.31964499682927,8.839684546414633,20131.641289856096
std,0.4126381771990222,0.29383019014838013,0.23767133483290306,0.15663397022025347,0.10251640284688385,0.10330914285224327,764.3514718893507,158192793.34984377,17.046088478595063,0.16327253436585437,8.55326894524273,2.9673244942063137,3.1673112263706296,22350.275236618014
min,0.026,0.0,0.105,0.0,0.0,0.0,1.0,335025.0,2.7,0.3524402,50.08,4.87162,1.658,587.4739607
25%,0.626,1.11325,0.567,0.26775000000000004,0.10675,0.04925,4.75,4670764.5,14.9,0.5670791420000001,65.17525,11.243590000000001,6.205679616249999,3762.0335675
50%,0.96,1.2495,0.8065,0.40800000000000003,0.1795,0.08349999999999999,38.5,10922737.0,22.4,0.7438277040000001,74.468,13.39442,9.573405000000001,12716.34555
75%,1.249,1.4635,0.89825,0.4935,0.2445,0.14575,125.6111111,32118380.0,33.0,0.8554552424999999,78.23425,15.546384999999999,11.6904225,28189.062915
max,1.684,1.624,1.141,0.631,0.566,0.453,6023.0,1409517397.0,72.3,0.949422834,83.684,19.2282,13.37,129915.6009
